DELETE FROM TIPO_TEL WHERE ID_TEL = 1;
UPDATE TIPO_TEL SET NOME_TEL = 'Telefone Fixo' WHERE ID_TEL = 2;
INSERT INTO TIPO_TEL (ID_TEL, NOME_TEL) VALUES (1, 'Celular');
INSERT INTO TIPO_TEL (ID_TEL, NOME_TEL) VALUES (2, 'Fixo');
INSERT INTO TIPO_TEL (ID_TEL, NOME_TEL) VALUES (3, 'WhatsApp');

DELETE FROM TELEFONES WHERE NUM_TELEFONE = 123456789;
UPDATE TELEFONES SET TIPO_TELEFONE = 3 WHERE NUM_TELEFONE = 123456789;
INSERT INTO TELEFONES (NUM_TELEFONE, TIPO_TELEFONE) VALUES (123456789, 1);
INSERT INTO TELEFONES (NUM_TELEFONE, TIPO_TELEFONE) VALUES (987654321, 2);
INSERT INTO TELEFONES (NUM_TELEFONE, TIPO_TELEFONE) VALUES (112233445, 3);

DELETE FROM TIPO_END WHERE ID_TIPO = 1;
UPDATE TIPO_END SET ID_TIPO = 2 WHERE ID_TIPO = 1;
INSERT INTO TIPO_END (ID_TIPO) VALUES (1);
INSERT INTO TIPO_END (ID_TIPO) VALUES (2);
INSERT INTO TIPO_END (ID_TIPO) VALUES (3);

DELETE FROM ENDERECO WHERE ID_END = 1;
UPDATE ENDERECO SET RUA_END = 'Rua Nova' WHERE ID_END = 1;
INSERT INTO ENDERECO (ID_END, RUA_END, BAIRRO_END, NUM_END, CIDADE_END, ESTADO_END, TIPO_ENDERECO) 
VALUES (1, 'Rua A', 'Centro', 100, 'São Paulo', 'SP', 1);
INSERT INTO ENDERECO (ID_END, RUA_END, BAIRRO_END, NUM_END, CIDADE_END, ESTADO_END, TIPO_ENDERECO) 
VALUES (2, 'Av. Brasil', 'Centro', 200, 'Rio de Janeiro', 'RJ', 2);
INSERT INTO ENDERECO (ID_END, RUA_END, BAIRRO_END, NUM_END, CIDADE_END, ESTADO_END, TIPO_ENDERECO) 
VALUES (3, 'Rua das Flores', 'Jardim', 300, 'Belo Horizonte', 'MG', 3);

DELETE FROM FORNECEDORES WHERE CNPJ_FORN = 12345;
UPDATE FORNECEDORES SET RAZAO_SOCIAL_FORN = 'Fornecedor B' WHERE CNPJ_FORN = 98765;
INSERT INTO FORNECEDORES (CNPJ_FORN, RAZAO_SOCIAL_FORN, TELEFONE_FORNECEDOR, ENDERECO_FORNECEDOR) 
VALUES (12345, 'Fornecedor A', 123456789, 1);
INSERT INTO FORNECEDORES (CNPJ_FORN, RAZAO_SOCIAL_FORN, TELEFONE_FORNECEDOR, ENDERECO_FORNECEDOR) 
VALUES (98765, 'Fornecedor B', 987654321, 2);
INSERT INTO FORNECEDORES (CNPJ_FORN, RAZAO_SOCIAL_FORN, TELEFONE_FORNECEDOR, ENDERECO_FORNECEDOR) 
VALUES (78945, 'Fornecedor C', 112233445, 3);

DELETE FROM TIPOCOMPONENTE WHERE ID_TC = 1;
UPDATE TIPOCOMPONENTE SET NOME_TC = 'Mecânico' WHERE ID_TC = 2;
INSERT INTO TIPOCOMPONENTE (ID_TC, NOME_TC) VALUES (1, 'Eletrônico');
INSERT INTO TIPOCOMPONENTE (ID_TC, NOME_TC) VALUES (2, 'Mecânico');
INSERT INTO TIPOCOMPONENTE (ID_TC, NOME_TC) VALUES (3, 'Plástico');

DELETE FROM COMPONENTES WHERE ID_COMP = 1;
UPDATE COMPONENTES SET QNT_ESTOQUE_COMP = 50 WHERE ID_COMP = 1;
INSERT INTO COMPONENTES (ID_COMP, NOME_COMP, QNT_ESTOQUE_COMP, PREÇO_COMP, COMP_FORNECEDOR, TIPO_COMP, FORN_COMP) 
VALUES (1, 'Motor', 100, 1500, 12345, 1, 1);
INSERT INTO COMPONENTES (ID_COMP, NOME_COMP, QNT_ESTOQUE_COMP, PREÇO_COMP, COMP_FORNECEDOR, TIPO_COMP, FORN_COMP) 
VALUES (2, 'Bateria', 200, 300, 98765, 2, 2);
INSERT INTO COMPONENTES (ID_COMP, NOME_COMP, QNT_ESTOQUE_COMP, PREÇO_COMP, COMP_FORNECEDOR, TIPO_COMP, FORN_COMP) 
VALUES (3, 'Placa de Circuito', 150, 500, 78945, 3, 3);

INSERT INTO TELEFONES (NUM_TELEFONE, TIPO_TELEFONE) VALUES (123, 1);
INSERT INTO TELEFONES (NUM_TELEFONE, TIPO_TELEFONE) VALUES (987, 2);
INSERT INTO TELEFONES (NUM_TELEFONE, TIPO_TELEFONE) VALUES (112, 3);

INSERT INTO ENDERECO (ID_END, RUA_END, BAIRRO_END, NUM_END, CIDADE_END, ESTADO_END, TIPO_ENDERECO) 
VALUES (5, 'Rua A', 'Centro', 100, 'São Paulo', 'SP', 1);
INSERT INTO ENDERECO (ID_END, RUA_END, BAIRRO_END, NUM_END, CIDADE_END, ESTADO_END, TIPO_ENDERECO) 
VALUES (8, 'Av. Brasil', 'Centro', 200, 'Rio de Janeiro', 'RJ', 2);
INSERT INTO ENDERECO (ID_END, RUA_END, BAIRRO_END, NUM_END, CIDADE_END, ESTADO_END, TIPO_ENDERECO) 
VALUES (7, 'Rua das Flores', 'Jardim', 300, 'Belo Horizonte', 'MG', 3);

DELETE FROM EMPRESAS WHERE CNPJ_EMPRESA = 12345;
UPDATE EMPRESAS SET RAZAO_SOCIAL_EMPRESA = 'Empresa B' WHERE CNPJ_EMPRESA = 12345;
INSERT INTO EMPRESAS (CNPJ_EMPRESA, CONTATO_EMPRESA, TELEFONE_EMPRESA, ENDERECO_EMPRESA) 
VALUES (12345, 'Contato A', 123456789, 1);
INSERT INTO EMPRESAS (CNPJ_EMPRESA, CONTATO_EMPRESA, TELEFONE_EMPRESA, ENDERECO_EMPRESA) 
VALUES (98765, 'Contato B', 987654321, 2);
INSERT INTO EMPRESAS (CNPJ_EMPRESA, CONTATO_EMPRESA, TELEFONE_EMPRESA, ENDERECO_EMPRESA) 
VALUES (78945, 'Contato C', 112233445, 3);

DELETE FROM ENCOMENDAS WHERE ID_ENC = 1;
UPDATE ENCOMENDAS SET VALOR_TOTAL_ENC = 2000 WHERE ID_ENC = 2;
INSERT INTO ENCOMENDAS (ID_ENC, DATA_INCLUSAO_ENC, VALOR_TOTAL_ENC, VALOR_DESCONTO_ENC, VALOR_LIQUIDO_ENC, FORMA_PAGAMENTO_ENC, ENC_PRODUTOS) 
VALUES (1, '2024-01-01', 1500, 200, 1300, 'Cartão de Crédito', 'Produto A');
INSERT INTO ENCOMENDAS (ID_ENC, DATA_INCLUSAO_ENC, VALOR_TOTAL_ENC, VALOR_DESCONTO_ENC, VALOR_LIQUIDO_ENC, FORMA_PAGAMENTO_ENC, ENC_PRODUTOS) 
VALUES (2, '2024-02-01', 2000, 300, 1700, 'Boleto', 'Produto B');
INSERT INTO ENCOMENDAS (ID_ENC, DATA_INCLUSAO_ENC, VALOR_TOTAL_ENC, VALOR_DESCONTO_ENC, VALOR_LIQUIDO_ENC, FORMA_PAGAMENTO_ENC, ENC_PRODUTOS) 
VALUES (3, '2024-03-01', 2500, 400, 2100, 'Transferência', 'Produto C');
